"sku","cost_price","vancouver"
3wy7m776qn,24624,1
3oyqzv4zge,3796,6
edydggpwde,6082,1
394bmdjxye,12221,2
3ayw77x8m3,1379,5
3xvl7jw8de,3240,1
z37or2ly9n,5777,2
3oy2gd4rze,22097,1
23l8w7g2zn,4064,1
rnq8d7am6n,15600,4
3zrp5wrgwe,2156,1
edqd2o982n,8891,1
e525myx9re,10202,1
63xbr6ldln,27192,1
73o57ogw6n,969,12
3zx42xbj8e,18062,1
3l6kx969y3,7812,2
e2g72o84d3,1299,2
nq2a9zagon,9917,2
3zrzxkjl4e,7694,6
nqlkqdmoz3,1996,5
eddg6mkage,11446,1
39jwoa7bge,22925,1
3w4gkg4xxn,6117,1
3olxo6ojz3,14787,1
nyr8v4y8le,20373,2
37286ja7pe,9607,2
36vg6qp59e,16837,2
368dg6ak8n,9089,2
3p2jz95v8e,14626,3
ek7z9ajar3,8675,2
3jqarwjg9e,1622,3
g384zymwjn,1634,2
3jvvalao63,24583,1
nmkmokgkx3,8290,1
3xrbm77gx3,13238,2
nyap9qgpgn,5148,2
nb84rq57xn,4075,4
3lrz66yx73,12233,3
3jqj9kav6e,12373,1
38xxvdrkde,8156,2
38j8xddo4n,12795,1
ngbq958mv3,15680,1
nvrrwv5bxe,3119,8
nyy547bldn,19392,2
3zg7zvmxwn,15101,1
38m5y2qbon,10426,3
3lbaxdv8on,3393,8
4e58vl9ooe,8608,15
nqq4d92m6n,4397,6
3l7vbvowye,7384,1
nm4578goxn,5242,3
3pmwq6kr83,9524,2
3zrjpkd27e,16566,3
ngobv5qjae,10655,9
e5pzyab743,5299,5
3zw7aojv63,4245,2
346kkx74jn,4977,6
erdqxm7rjn,2809,6
e5pvzmwyb3,12260,7
396aj4k8d3,16244,1
3zxxyqko6e,4668,1
34g5v4yz43,4827,2
3ayqpaqrd3,1037,5
ngvwqjjpvn,30763,2
ekgylqqlg3,7550,5
63xk7j9ldn,4847,5
3lxzgm5zb3,5825,2
3zr5dq5z7e,1449,2
3964lwokg3,3704,1
372vbv67we,14408,2
e2jm6ykvk3,17629,1
3lrbmqrgb3,23147,2
qnvvjrddpn,3418,2
3jl67bpdwn,15477,5
37xyjllrxn,1935,1
3wqj64qlm3,34020,10
ekoaz27k2n,14256,2
3j2o5qvowe,9960,1
nq279am8zn,1091,7
nq6mrlo263,9883,1
3zag4kam7n,10159,2
379x464j9n,5170,4
nmklbgxpk3,7153,13
ergxm9pv7n,15474,1
3z79lx6b7n,9844,2
3axdvyvmmn,642,12
nbv5bwklae,27841,1
ny4a655lln,2421,4
83zx6krk7e,14591,4
ek2z7lmrde,1943,24
e2dobgx863,10188,2
nqvagomjme,3489,6
364qlxv5je,8008,1
365vw8b5on,5578,1
3j2a5ryroe,6890,4
3zxabzj64e,3364,4
nvbbvdpab3,10538,2
ngom5v7kpe,5880,2
edqpwwj5wn,3315,1
nvp2y7jppn,15588,1
3o85bqkkkn,5440,2
e5vwddbb93,1270,8
ngqqxrbrp3,7513,1
nyky2yy7g3,9094,3
nmdz9w8zkn,11195,1
nykwdbxkg3,12132,3
3jz9bd4voe,13644,2
36o447g5k3,3726,3
nboqwblg93,32269,2
ped2vxpzn6,7033,1
3axw98wgmn,3965,2
39wbdx4xgn,10936,2
3xr55gmyd3,10082,3
e5569lra9e,11050,1
34kakym7me,7606,2
nvqyq6b4j3,898,7
3loxaybzd3,6271,2
3l6lgy4dd3,5056,1
3jx5x4z2wn,1898,3
qe25xwlpae,7167,3
3pq9ro6gke,9060,4
3arzmrogdn,5011,3
83zrwv2o7e,1764,4
3wvaxgvzmn,11952,1
erdxkbl49n,5153,3
3628jjrvon,11219,5
39lojrpqd3,12180,1
e5v7y8a843,4088,11
ekobkrd9dn,13041,3
eddkmdpj2e,4984,3
nql4qb8bz3,4305,3
3wqrgxbyy3,7803,4
ek85vv9mre,2064,1
xer2bq8k73,16779,4
edgzmrdq2e,5651,1
ngbmwvokv3,4209,3
3p2zwdrzze,2713,2
3j64yk6ywn,20932,1
rnqg22my6e,5723,1
e2v4xwbl73,19031,2
37b9xxvv9e,19964,1
ngv5koxoan,5463,5
3ok222zg6n,5176,1
nq2rzwklkn,14094,6
e575zv2wr3,17873,3
nyqz8l9gg3,2642,4
nqp68846oe,15538,2
374jx5jop3,20959,1
ngb2dwkrz3,3458,2
3jqam7bvoe,3112,3
36yym5jjoe,12982,2
e5bqgdj9ge,7258,7
e5vwbobq93,8648,8
nq66dyv6k3,13994,2
34pqj49om3,799,5
3pxzmxxv8n,3447,6
qe248zama3,4725,2
39gr8xgvge,5522,1
3a7x6jxlb3,1666,5
nm2v77p2d3,25677,1
3l854z4xbn,7929,1
3pmd5jdpz3,8666,9
3w49glvmxn,1018,9
374xaz2993,5887,1
ed75l46yge,8281,12
ny7zrro5zn,33405,1
e5po8k6gg3,6245,1
2nyyy72kzn,7979,7
379yzl659n,1110,7
3p2ld69yke,2192,7
3zggx2z9jn,13333,1
e55lqmbgre,934,3
3pkav7bdge,17738,2
3659rm6pxn,6793,1
38kv9vk553,7609,1
nyrolbqyle,6931,2
edo46ad243,9375,1
3zpzwz9xjn,19513,2
38k5665743,32350,2
nvvpoqvyqn,24651,13
nmkrbm6ov3,5449,1
ngb5axavp3,2576,1
er5vv24r93,4937,1
e2dpo59jk3,231,12
e5pv8kglg3,30158,1
3lpr9vb6oe,2041,1
38vqg25ljn,1003,3
nvp4v8z4jn,11831,1
erbd55gzj3,5916,1
xerr94ym5e,9750,1
ekomko7j4n,14631,7
3j6j9aylon,8654,1
39wr6k7lbn,3108,1
394b947mde,7928,1
3okmda67gn,473,3
e5956dk94n,6455,3
36ykvj869e,10783,6
34b924qzje,6357,1
3xamapojke,3849,5
3zgod7qy6n,11082,3
37b94w4ype,4403,2
3wy52z5gmn,8762,6
wnmdrz8kjn,3013,9
edqrkbkj4n,3534,3
nmrbl629ke,1964,2
ek44ok2p23,4004,4
nb7yjp54ye,556,35
er67k65kle,6945,4
3zwzv9d563,18898,1
37r7ldr4wn,6423,18
3o8mpqg6kn,11572,5
3lx4ggz7b3,15101,8
3zaaz64k4n,9155,1
x36z66agon,2780,1
3o29wvq96n,9356,2
375rjjjx9e,9515,9
3l8krb2yyn,24214,1
367y4jg59e,9132,2
e2ogwmrb6n,12006,1
3j66zvxqwn,1764,4
ek2vll7x5e,7222,4
nvqklzbw23,22083,2
37va5bqdp3,674,10
36yq5275oe,444,8
38mgq4b5jn,7268,3
3a8dgbagme,19576,2
e2bwyy8j6e,35760,2
ekodqgk9dn,17972,1
362gxl928n,3207,2
39wqp6yqdn,15904,4
e2j7vwk5j3,20498,6
nqpjkrx66e,25426,1
3o8jo2k9gn,3311,6
nydmz679zn,1287,1
erdlllj65n,14469,3
nm92mj469e,7728,2
362o4awjxn,7122,2
34266a5xye,3233,1
e57mab28b3,12919,4
3ay9yq7mv3,633,48
l3468j44jn,4984,2
nyavq9jx9n,661,5
3wkqmpb5b3,3290,1
pedwz7lgwn,14751,3
ed7yoxqmde,16951,3
nqyj7l2zwe,4499,2
nq8rdj6xzn,5483,4
3l7q7gj6be,5208,2
36ya55jrxe,7456,1
3a94zjg2mn,23381,3
3lp9qxdrze,6937,3
nmm8jpmb9n,31932,1
3jxzby4vpn,2586,5
3w4jplyrmn,3088,1
37adwr8pv3,15613,2
38kkm5qko3,1592,4
nvqjzxppq3,3764,6
36p245499e,7267,5
xer74dod9n,22557,1
3zwdy5bd73,4904,4
nyk2oazky3,6155,2
3ww5yxwjx3,31043,2
e52wjb9d4e,15115,2
nyqzdzvwg3,25126,3
edoxozdmz3,23688,5
nv9qqy8bje,21031,1
34k5k24mye,7266,1
nbovov5px3,8243,4
37ryjw47pn,13572,1
3lbq272azn,725,1
ngljz48vae,4394,2
3ozpzb9o6n,3997,2
eryg595w9n,2134,3
349ld2jljn,1212,5
pedpvqvk2e,5202,1
ngva2b59bn,8534,1
e2j5j6rz73,26248,1
3o4jxklq9e,635,2
3ob9dra66n,12003,9
394y2v9lde,9530,4
9ek5dq2gre,11813,1
3p2xjadpge,1832,4
37bwpjz7ve,7105,1
e577zyy5r3,2415,2
nydbogxrzn,1834,6
3wvv7p5lyn,1970,3
nb7b6wdp9e,18309,1
3pyqpmm2g3,980,10
nygqr6x2zn,10475,1
erqdba5bl3,13052,1
3obgv9yggn,935,2
34kvkmo5pe,2101,1
3lb7w9vdyn,668,1
3l8a5pvobn,12717,3
ng8k8yqwb3,10435,1
ng8x4828r3,2531,2
3wl9b2ywxe,8761,2
er2k45xg53,13766,1
3lp5q5lrye,79749,1
ergxz67kjn,2976,2
e2bjaydyke,8812,1
3pa2wv7v83,5166,1
38w4kp7wd3,2931,8
nvpvvmd6qn,1666,1
4ng9jox6ae,20516,1
e2az4ylzd3,15579,6
ekzdpx5y2e,4864,1
3xvvxgwode,6530,5
34kb67wb4e,11151,1
3pkwwz2jge,8437,4
wnmr6y8rve,12363,1
3wlkrgg4qe,17350,2
3pk9p57dze,7245,3
ny4kpop8yn,3240,2
e2gr25v4d3,12346,1
ed7varxw4e,5702,1
394k7zqqde,7665,8
4e5gyg2po3,999,5
3jqjp9kgoe,3294,2
nybav2orl3,15610,1
38x8zomvje,3522,2
e5lqk8rk9n,482,10
3aqkdl2d7e,10591,1
e2j8pdqad3,17981,2
3p7og2dw83,1896,3
e5m82av9b3,8977,3
37am8vq5w3,8944,3
nvovy2852e,25560,1
g3884rz6p3,6301,4
xerm6ow65n,12321,6
3xzkybqlpn,16003,1
3x6m29rvx3,31132,2
nydyo95y9n,5386,1
3wk4aparm3,16143,1
ed7wrak7ge,21451,2
3aqyzmgwde,10505,4
nvzllqll23,18262,2
er7gmz7y5n,3204,1
ed7xy9kdze,2775,3
edgpkz724e,1777,1
3ax585wz8n,6717,1
3jzzydo26e,5963,2
nqaox7y6ze,5848,2
e52x5lywge,1832,9
er2ddow2l3,20735,1
34kvbdlbke,10944,2
3ww68xxzz3,3864,32
3zr759l2je,41550,1
3ob2v2jkyn,20188,2
34jbvwy7j3,10856,1
3jmjg25z63,4607,1
39x2dmrxd3,3447,1
e55qowgzbe,13544,2
3z74jjodwn,1028,2
3lpa48bdze,3836,2
nmrxklmyje,13037,3
39zpqz9a7n,20689,12
3ww57lbkz3,1173,1
wnmba5d5d3,3133,10
3xllzd9x43,11540,2
nb4kpqmqye,9446,2
3wq7x7kgb3,9824,3
3a7mo6m2m3,8156,2
3j24aqqqxe,21136,1
e2a7md8qd3,6445,5
366x474893,4264,2
nm97k4oade,22088,1
nyg76vmkgn,1121,1
3xxzvoxzl3,11365,3
l3479mlpk3,6359,2
e2gjljo273,46994,2
e5lj2xvm4n,6387,3
39gj8dmoye,6901,4
37rdv788pn,1592,2
362lkalo8n,16341,5
nvk8rzv423,25527,1
ny44mkqydn,2093,16
ekbqyomy2e,11334,9
3j24d6dpxe,13094,2
nm4lb5qbdn,4284,1
3axz4bylmn,6870,1
nb7zl8o2xe,11388,1
erqk9qgk73,12759,3
edzqkw8r4n,19048,1
peddzbgoze,9716,1
368p8ojrkn,44906,3
e2az8lk9j3,21412,11
3ar6vgzxdn,7976,2
3jmlqqp9x3,3385,3
382ybj8p53,10718,1
ngoajgrgbe,4286,2
l345aj4peq,14099,1
3o8a9jjoyn,8778,1
38k2b7a7d3,10498,4
ng6jop94be,5474,4
nvbakl5d23,5371,8
edy6zogpwe,20826,1
3lpbjl74ye,1825,3
3jqv4xwb6e,840,9
3ozzm2m66n,1146,5
ed8ymyjwdn,3472,2
edxmwblw23,8818,2
3okmvb5xzn,5728,2
37m2k6xbv3,30036,2
e5pamppm93,8235,1
edyd6b4a2e,20961,1
nvpd8xoj2n,1404,7
xerqgx8k73,9219,1
3wxl55plxe,18242,4
4ng6ay89pe,5707,1
qe2gmamvk3,17382,1
4e5bdk259e,21102,6
83zbqwoz83,6349,1
3lxr5mjlz3,1015,4
nvr2w59jbe,3622,1
3l8xv4prdn,9656,1
3wqxb62qz3,1122,3
ergkvvbbjn,7905,5
ny7b288ozn,11509,3
erg6pbyl9n,8702,1
3l2b6544bn,894,6
346qdp2ljn,115826,1
nv9666rabe,15562,1
3xzdr9kvdn,4244,1
3a9lamybbn,22181,1
23lmjpx87e,3059,1
er645qv29e,9637,2
e2bkyd8d6e,3444,1
3724kqyjje,4206,7
38m9gl8zpn,15240,1
nvqxmpv5p3,3173,3
l34bbkgxme,9219,3
3p7dpm5gb3,3098,5
3l2obo5d7n,14974,1
nyx89qwv9e,6040,1
369pyy69o3,3114,3
3a77xm5lm3,2826,1
e5p8o67r93,10451,1
ng8rkz6ab3,4494,3
38dvg8q6pn,12374,4
3wybk64pbn,12593,1
eko6l8j5gn,988,3
39jjk6wmge,886,5
e2mab54gd3,6737,4
nvbypxg6p3,13394,1
3jqorabbpe,1168,2
ng9qr9dqve,11561,1
37mwrklyx3,372,4
3pmqy8lvk3,9115,6
83zv5dk28n,18522,1
3oljlby2y3,13316,3
34k9wa88ke,17250,1
372kdjbj9e,6664,2
e2m7r2rra3,7851,3
34x9mdga4n,4147,5
3lm9al9poe,18194,2
rnqpb9bgke,14721,3
e258pxd4ke,7645,6
3z7lrkxjwn,8478,1
3xopozk6p3,5674,1
83z47v7wn4,4412,2
e2a6qdj8k3,796,2
3zd9kqdr7n,2926,3
ekbzbw662e,17309,3
nb4qqjyg9e,11516,1
3axv77z9mn,7305,2
3p2758qwke,4562,4
nbybkb75ye,6714,2
3xy4gr7zle,3270,7
3zxadjwoje,18648,1
nqd9y7ayoe,1064,3
ng9r75g7ae,14261,2
3zx26kvx4e,13883,2
374om99bv3,3851,2
3xy55r6w4e,6363,2
er5xkmkw83,3367,5
3xqaaj6mkn,8150,1
3obgkw6p9n,3654,7
3xxkqz8zx3,3426,2
3ww967dkq3,28698,1
e5pqy5xgr3,1363,2
nvvmrqox2n,4645,10
3ax75442dn,11011,1
erbg8jmx93,13766,1
38kkxkd2j3,13354,4
nvz72dy423,9015,8
3675loqa8e,5029,7
36v7agjmje,11519,1
3746jy4op3,3624,1
4ngk7g6zr3,11074,2
3wodxx5mqe,8165,1
36pdp9j2je,4865,5
erqmw2kx83,5011,1
3wopry86xe,9280,2
73ojmjgp6e,1322,2
nvqwqq8kj3,15787,1
nvzaqzdaj3,1919,7
34kq96ak4e,4527,2
nv9924xk2e,7959,1
346yjblmmn,4331,2
3z76kapa6n,9217,2
34g2m4bmp3,4888,2
nyrqq2jkye,6221,2
nyddl8rzln,1992,5
3jrrpzmxon,8786,1
er2k4kox83,27002,1
ergmrmy77n,22999,2
e2jb5j8o63,26944,1
39grl47m7e,17099,6
e52pwk864e,3033,1
nvrdarq9be,19767,2
3oo9bjx763,15958,3
3pg8bg7xz3,2280,5
nyrmrdqzle,13971,4
39rd96lzg3,9362,2
38wvlpx6d3,8840,2
nydw5r99zn,13778,2
ekgmx9qj53,27158,1
ek97624w4n,1508,2
3j77byvbx3,13561,1
3lrpk66wz3,8649,1
ekbrvd4zde,12681,1
nb8mwlxkmn,882,2
nvo9ypqyqe,1322,3
g38jbo7o5n,3685,1
39zjxyd2dn,25376,2
e2gag2abj3,12253,5
3j89oo85xe,6470,1
3pkyo464ge,5988,1
37rwrzpgxn,6010,7
e24w8kgjj3,8780,1
3zxmmygawe,12374,6
346z8vkw4n,9248,2
erbkljlqj3,5066,2
36v4p85a9e,2377,1
34jbka6vp3,1334,6
ek9l2o8v5n,2972,1
3z72j5gzwn,5473,5
3p2yy8v8ke,17668,1
e5zov6kp9e,15538,2
ekqp8b7o2e,4114,1
3lbwrdpgdn,3390,8
e5zvokrq4e,1019,6
nykyd95gz3,322,2
34ggxb9zm3,17544,1
eko6pmzrdn,8315,14
ngorog9zze,29972,3
3ol56plqz3,10213,2
3jqwkay8we,22962,2
34jwvvgap3,29518,2
3w7dbo9bmn,6756,4
23lq65bvzn,560,3
3z7aa6lo4n,1622,2
nya4dq5kln,2651,14
38dql2dv5n,5047,1
3woxzyqzme,21436,2
ekgyq2r2g3,10549,1
x36pv79o9e,5870,3
3l7mkgv8oe,8400,19
erqmklwr93,798,6
e5vgzzpor3,7698,3
37blg28awe,8739,1
3jvwd8qoo3,3143,1
3a7d62rpb3,4057,4
nyqxyaamy3,668,1
39r2k7mbd3,0,16
edzj5kr9zn,19132,1
nyax9r5dzn,2723,10
ekobvjlpgn,1923,9
63xvazal4e,12507,1
3j6vkg64xn,5264,1
375ra9jdxe,23462,1
3py57aqw83,7993,4
39w9zpokgn,2081,5
era92rvx5n,2380,8
edxl2vozg3,5620,6
edokk2bmg3,778,5
3a56jagp7e,37288,3
36yj67vrje,1508,2
3pq5p728ke,7880,1
nm84k4a5d3,5075,4
ng8zgb8bz3,11688,2
3j6kl4zp6n,23197,1
nvooljg9xe,2436,4
36v4vw7l8e,17624,3
3ob247llzn,33432,3
39z6bmw6yn,18039,2
nb842or8an,1588,6
e5pxzaodg3,18745,3
ekgpmob923,2375,5
3zxabw2w7e,20881,1
34p2w6b6p3,2137,5
38dg7m7z5n,3302,1
367p6pbdje,32387,1
3796rjdjjn,11542,2
nmomy99kve,3417,5
3xlyvykap3,4460,1
3jzg9kkawe,6348,1
3az8wp88ve,4341,1
3xyyzodyxe,7984,2
36po54jgxe,7847,1
39jqv2dwye,749,1
3pqvg9qqge,3961,6
e5gm5446b3,7298,6
erd58mw25n,10426,1
3wokkymbye,11117,1
3zz7j6pow3,5250,1
er7oa6go9n,2356,3
37x4p66zxn,3453,3
nyy2ljmkzn,26870,5
ny46rg48gn,14134,34
34kvvbxjje,2911,3
3zw76z7rw3,8829,1
ekolkl4mrn,28277,2
erqgqkvw73,4131,3
366dbk2r83,6552,1
e2dg4o2m73,20390,1
3p725oraz3,7342,3
3zd24by4jn,22063,2
3a9xo2rgdn,3949,3
37mowv9lp3,3335,4
384w9vlo5n,12982,6
3zw69y4k83,15309,4
ngbwlo6zb3,4700,2
384bxbbmdn,15413,1
3zd7ydobjn,25870,1
ngggkxgavn,9916,2
wnb84azkxn,1484,8
nvzb8wdo23,4270,3
3ww6dwxzm3,877,5
e5pq75olo3,28983,20
3wy99zwqzn,3747,4
x3amdaorv3,2461,1
34p42a9bp3,1622,5
nv9mwbzxpe,7164,2
nv4zzv4pqn,8426,5
23l25bklon,9419,1
ngq8wvb8r3,1204,5
nbowa9kby3,9868,2
nqzolz67on,20687,3
ekgkkvra53,14971,3
3zp67oyjjn,886,3
nqlap4z8o3,14208,2
3jxzwbbyon,21808,1
e2v7qrp863,12542,5
3xvxjv2qde,15043,4
83w7r649bn,26502,3
3xdor4wlxe,8307,3
e2bba6b9ae,9810,1
nmz48gq493,3593,3
ekowa7w25n,24338,1
eko2myv25n,9212,5
x365w79qkn,6915,1
ngq57vojb3,9607,1
nbk28k6o2n,16977,3
3ob9dqg8gn,13299,14
3axgxkardn,5814,1
ek72plvb43,7443,5
3a94bd47bn,1121,1
nydby8aqgn,31350,4
erak47m89n,14502,1
nbkxrbqzmn,14859,1
23ldpmjwde,5779,1
erqrv5b693,13791,1
ed8p7p24zn,2026,3
3zwwp4r643,1403,2
3pkaklry9e,34503,4
372wbwbxve,1334,2
ek9arydxgn,4757,5
e559z5jloe,5556,1
nvvpd9jyqn,7938,3
qe2mxd7oa3,6107,5
ngawj6jkbn,536,6
er6qdap79e,7765,9
39rl66kgd3,10389,9
e5z7y4pkre,11624,1
3p2ld286ke,32056,3
23ld6ak2de,2797,6
3jzzvd7xxe,8420,2
38vy5a4xdn,7901,3
388vz8lvj3,3995,2
e25ropwqje,4321,2
o3ppy427k3,7613,2
3l2b2ypjzn,22222,1
34bamyk6ke,3564,5
3lpadawg7e,6312,1
3almp4m78n,6845,1
nqzpxyxawn,15231,2
39wbw46rdn,13069,1
e5p8jy9bg3,4731,6
nm2gmqy7d3,20424,1
e226zopgje,17110,1
3xaa826yde,7573,12
3pq5yqx5ge,8922,3
39grbmq8pe,11720,1
3l6w7w2ay3,12988,4
3jrqyp5jpn,2419,2
3l64qokwd3,20840,2
3xo2g88px3,17959,1
ngqlypg4a3,1057,1
nm9yk272ke,31417,1
nmzpbmxjd3,4583,1
nb74885xxe,1078,2
3xykvod2le,12685,6
nqq9rq9qwn,5419,5
ek8bl6l2re,7718,1
er2godz2j3,10572,1
34jrk858k3,17817,1
edodb4gzd3,8990,10
3x6o4av943,4769,1
nyd2mrabyn,14876,1
368j24qk9n,9390,1
erg8v8bdjn,1533,3
ngor9p2rze,490,3
3zlx8dgp6e,1673,4
qnvj42wzbn,36508,1
3olqywvp93,15115,2
nmo9zwvk9e,29132,1
er46p6lg5n,17856,1
edga4mmq2e,2240,2
nvvq2zprbn,3145,3
374y774pw3,4001,3
3l6gyp7xb3,1819,5
38j8yz72pn,10351,3
3pqja49kge,3996,5
3azrry7l7e,7330,2
ngb2m4kxv3,0,2
nmkdolb9v3,8410,3
345k49jape,1145,9
qe2pp8w4a3,1007,2
34jpdmb7j3,15784,2
39gb98847e,11312,1
39gdwwd87e,4706,1
3arp8vr2dn,2132,4
ekzwd29zre,20203,2
3j2rjopo6e,1002,2
83zvdkyjn4,996,5
3lpwd8w7ze,3222,4
3obdaj5y6n,25704,1
395wo22xyn,21279,1
3ollb7blz3,8173,1
nbvgp4xd2e,21889,3
ngopwobxre,8971,1
3xomwx4lp3,1855,1
nvyogvk92n,39779,2
nbdypx5ome,2695,2
3l7b5y27ze,3272,8
er7647dz5n,5470,3
erd65dd6ln,6462,2
nm22vbyxd3,11950,1
3azrwkzk8e,32427,1
nq8ovkogmn,5037,2
3xaxzxz8xe,5748,1
nmra272vve,19529,5
er6zxj299e,753,8
e2d8kgora3,2617,1
ek88ymqvde,3660,2
erqggpwp93,560,5
e2b9mzy6je,11181,2
3zgo6zaljn,1285,5
3a8qrory7e,57279,1
3zklwa4k63,8114,4
2ny2kpjyl3,1181,4
36vor7o2xe,23462,2
eddkj56age,855,6
ek8zja75ge,5028,3
3l88o94mon,2185,5
3822qapoo3,8613,6
3zkvg8dz73,13044,2
3a94yljvdn,14702,13
3l7qypwloe,3055,1
ek2okyaxge,3964,1
365gyjbzkn,357,3
nybxykzwl3,8799,8
ekbrrkjlde,385,1
nyyl864wzn,1110,14
nga9rxapbn,4579,4
3zgaxqdq6n,13288,1
3zkoklrv83,24446,3
e5g48qwm93,7848,11
nb6jo6wlm3,15700,1
m39doll2ge,6688,1
er776g4y8n,14947,2
e22xo94d7e,43172,4
edk9vxg44n,28141,4
63xzdxyvxn,7280,4
38xoko42je,6094,2
ngo524aave,2362,1
nvpm7vorpn,3920,18
wnb5644o2n,26175,4
ekzgggrq5e,3364,2
34xp4mo54n,4309,6
nm9yvkb59e,2240,2
er6jv2988e,14788,2
3o2vkd5d6n,7109,1
nqpbmq7mke,3063,5
e2jvpdw7d3,8885,1
nbvg45kqae,1797,1
3j6a5oompn,13275,10
3wqpoxxqm3,998,4
ngvjgdv2rn,2002,1
qnv798v52n,6567,2
3o2j7wgjgn,22842,2
3pad688ab3,652,5
38kooq8253,21965,3
nb6x958my3,8946,1
3zdm6jkwwn,12247,3
394zk72lde,6387,2
ngl88z7wbe,391,3
83zjagy44n,7414,3
3axld9gmbn,1568,1
3aqa98axbe,4627,5
edqmabrkgn,17967,9
34kywmmr4e,596,4
ekbd4q945e,15452,5
er56pxlaj3,14590,3
e227lzwa7e,11076,2
34jamkp5m3,8092,3
e244ag6qk3,15593,9
3lo55wkbz3,4170,5
3p7jo6xxg3,10947,4
nyywqjz2yn,3611,10
nq2m9wwamn,1623,6
3okzv5rlzn,1449,1
ek2wrgg6ge,3652,3
er6xo9647e,7492,2
3lp7ykavde,3436,2
nggdy9zlbn,13606,2
erbq924oj3,2963,5
nmomla5vve,3114,2
nmoxav7a9e,15055,1
374kd8pqw3,11006,1
nykym97kd3,12649,3
34jl6mpby3,15916,8
39goowojde,1855,6
ekzp7zg42e,1349,1
rnqaa6daoe,12410,1
3l6q678l73,16187,3
379g9galpn,20118,1
nby97lq5me,934,1
3lokzxkl73,953,6
erydq5or8n,9331,9
nyda2yma9n,2771,25
37xx7lraxn,3647,2
er7lp4y55n,15888,4
ng97vrx7ze,16046,1
3x6bbpggp3,7747,2
nmod77xmke,11565,1
edd2mrlzze,994,2
366jg27583,21061,8
368zr4dw9n,8159,2
3688589j9n,4953,1
3zdmaz7mwn,967,4
nqy2jg4poe,17209,1
e5gxxwk743,5947,6
3p22m87pbe,5864,1
3xr89v94l3,1173,8
36vmr627xe,1413,6
e2bxzd8yae,4710,1
nvyo9659pn,28243,4
e2248qyj6e,13350,1
3pq2ql6wze,26864,1
nbywovgvae,21615,1
3wyoaxgxxn,1579,3
2nyb68g6g3,4750,1
63xbzormln,1744,2
34j77l5zj3,5175,3
3pmx52ylg3,891,5
3lo95m79z3,4238,1
ed88p8ozdn,7886,1
3azyojzbbe,4636,1
nb7ro7vmme,10008,5
3lpdlmaj7e,29332,5
3o2zp28oyn,24476,1
e57q667m93,9953,3
e2aovml763,959,9
3jx4ywympn,8443,1
3a8kaalq8e,23832,5
erqqwbzz53,2111,1
38x5zgbjde,2786,7
3oomlzk4z3,6815,2
34bo8brq4e,999,1
34kzvk44ye,9150,2
3zaqwkv6jn,527,3
nvvk9ka8pn,7767,2
3zkk6vd583,14313,1
nv4z546vqn,4578,2
346kkw964n,13836,2
3w4ox7xgbn,11872,2
e2jdoxyya3,23895,1
39w6r4zyyn,4001,5
3o4rb69k6e,10996,4
qnvrgz2gbe,1061,4
3lmvyaaroe,16582,3
nvv7papgpn,7806,3
z37om54rvn,5190,8
j3j7p6jq93,9520,2
e2vo4r6g73,18598,1
3j2wdwgv9e,48964,5
3wqa8gwvy3,10312,4
nybkyyavz3,9807,2
ergzql9w7n,7001,1
34pqodow43,43596,5
e5vr86qzo3,46656,17
nqz7mog8on,8847,2
38jp6l7p4n,8089,1
e5gy6qd643,16088,1
3p7barvlg3,1886,3
nglmpybope,11353,7
38zy9j2ro3,7991,1
362qgl498n,21525,1
4ngd64l6vn,742,2
3oboyv44kn,14408,1
3xzjz7a94n,17500,1
g38yyrqdon,2984,2
39gqrzwoye,916,3
364qybq2oe,27138,1
379pga9vxn,5138,1
nmm62yw99n,5295,1
3lpjd4rade,6437,2
e2bm6xzaje,34859,4
3z7kjjpr7n,2063,3
3wq5vky6b3,7113,1
nq8qmw55kn,9658,1
edq49doawn,10368,2
nb6kazd9a3,2358,1
3xaoql9xpe,28044,1
34qmxa99je,4837,2
384k5bjkon,5590,1
3xzwqqy5xn,2867,2
nmrbg85ode,422,4
er6myzr97e,9162,5
ekybjp4v53,939,2
nmqvzjmkj3,6289,1
3lo6o8mxd3,4154,4
83wvm88gxn,7723,2
nyyyr4yazn,13022,7
ngbjal9dr3,647,1
nygqxkqryn,5523,1
3aa7d59r83,5818,9
3lxwxyb4d3,17600,2
ng8ojd5ap3,6805,2
er55z9aa93,3261,2
3jvv9p8po3,3383,10
nqvdao7g6e,618,1
l346mdqp4n,25088,1
nqzr6v7von,5307,2
z37vv4oqv3,10648,1
362bmrll9n,2528,2
3ww2zlkzy3,1616,3
39xog6j6g3,4740,4
nb64gzj293,3934,2
368pjkzg9n,7639,40
3xlmpl86k3,15511,1
nyxxmkjlde,6898,1
34pmvzjwy3,14850,3
edygr5g8ge,7781,10
rnq4jwzyme,7470,1
nb8xw9awyn,5329,4
e59a9gyogn,14996,1
e55r4wo6oe,2302,1
er2dqkjz53,1518,2
3ooqwgl6g3,9645,1
e2jm5rbbd3,3213,1
345mj448pe,411,1
3p7vgy5y83,7698,3
63x7vlyjde,9573,1
nvkjkd59p3,1024,1
36v8rx759e,5056,1
372kv8wvje,33447,1
364myoqk9e,12175,1
e55r2dzgoe,17592,1
e2g8z4ajk3,10594,31
3lbzaz67on,4676,7
nyd5r88dgn,7800,3
3zxxwqrg6e,6068,1
e2m29567d3,4634,1
3aq7jkbvme,10331,4
3aqpyzkr8e,3390,5
nq6pzjrxz3,9842,1
nbymd7yvye,24555,6
384kdbaj4n,14026,2
qe2qvdr2ae,2620,10
36vpgobxke,1424,6
3zgyxmbm4n,10546,3
nvpv2amyqn,7454,88
34gddwzkk3,8885,1
3lo2l4grb3,11020,2
3xdxpxmmpe,5037,47
3pm6r9wdz3,3121,1
e2d6jy64j3,12645,1
ekobyp76rn,6616,1
3xxm4qqkp3,1925,42
e5p76a4db3,9848,4
39gd6pz6ye,1796,3
nby28yalxe,5792,3
3j75mpby93,3586,2
nyx6p9rx9e,59854,4
nyra46999e,3656,3
nbarr44p2e,4049,11
nglj984gpe,4718,2
e5lrzqmdgn,15063,1
23l9vd9jz3,1352,4
3aqyx2j57e,936,8
er22x7ymj3,5536,2
nvk2m9z9q3,5751,3
3zab9vxg8n,8056,4
3xrqxq6g43,6207,2
3zw68y4863,13052,1
366p6a5ox3,7925,2
qe2allro63,10589,5
3pyv4lypb3,17097,1
nvkvlajzq3,1536,4
38wqkk4r53,10556,1
erql4zl273,3042,5
3644adr5ke,5419,2
nbv76wa7me,4869,1
nvrqm67wbe,7520,1
38d2bol25n,21451,3
3748b4oov3,12381,2
83w9wrlame,4729,11
er2mj5d4j3,8307,3
xerr98ox5e,15238,3
e524kydgbe,11629,1
edpm4v52we,919,7
3w7gy4x7mn,1120,5
ekg8zjrg43,12354,1
3a5xag8dde,30867,4
erd7prk78n,916,33
nmoqbyy8xe,5956,3
38da72dr5n,5431,3
366w6q2qk3,4413,1
wnbvp9ygae,7984,1
eddd485lwe,3324,1
2nydombwgn,6109,2
eddq6k45de,9562,5
nyb46gbz93,2048,1
365okbd2xn,13344,3
nm4lrlbbjn,3029,6
ekq68pqy5e,23202,1
3pld8lkzzn,5119,1
e2v7mkrgd3,5517,1
34jmjq9wm3,11050,1
ng6a4zz8re,4865,1
3pqr5m82ge,7275,3
3o2gpmq7zn,25012,1
39r7d48db3,7938,1
nqdjqywake,14190,8
366vorpg83,6950,3
edzvd8gk4n,2617,4
e5lydkg7rn,1403,4
39z748bkgn,23923,6
pedorm6od3,14878,4
l34bk46r4e,933,3
nbop9brqx3,667,1
3xyrakjv4e,3782,1
3pkpl8ma8e,11387,2
nbaqrx68me,2745,1
3aqa9rwpme,11629,2
nqy7k5aa6e,13375,1
3zxvaoo4je,761,3
3jqp4qy99e,13746,6
ek9o2wlrgn,8941,3
3oz5w6jl9n,27069,4
nq25d79von,8111,3
38xa7grzje,5536,2
39r6zrov73,1666,3
erbd9xyml3,2531,2
3xdvq5gvke,7622,1
z37jkv4vj3,3383,1
l3497yl7yn,7625,3
2nydv2v49n,3434,1
3wygy6pgyn,5078,2
qe2azp55a3,2354,1
3zw5p824j3,15661,3
nv4yrd59xn,1960,1
z374wap2j3,5130,1
e25zjo647e,4488,4
nvkx6bjb23,10910,3
e5lzlg2ron,916,18
qe2xqbwg7n,7281,3
38zq27qdp3,2600,1
37v4ykdkv3,1394,3
nbmw97vq2e,770,11
3jmvxvmpo3,4451,21
nq2xpgwk6n,5806,1
nyb2z8gqy3,16111,2
37b4jvy2je,11146,2
nv9zl2aoje,8196,1
xervo4pw5n,5032,4
3xqpa2vp4n,5452,2
3zaobo7w8n,12189,1
39b97ry2gn,2180,2
edyv94qw4e,17134,4
3azd8loy7e,902,4
3j2v4or4pe,9947,1
edx6bg9ag3,10589,2
365dz7d49n,5654,5
rnqk99mmwn,10127,1
3zrr6wod6e,12752,1
qnv2m8jjx3,13172,1
3a8q7z88ve,12447,2
eryrl86lln,3297,1
ek4qx65a53,33361,2
nvowa2qdxe,23301,1
3xo65kkmp3,14062,4
nyql6q97g3,891,1
nbybq5jr2e,10895,2
3z796pyk6n,1200,15
369zyorbj3,3733,4
nbmwwxzzme,18648,1
nm96kpdgke,5346,1
366roxvrk3,2710,2
3a98okbvvn,9491,1
3wvq9gm8mn,3083,4
23l7dlygze,4984,1
34ga8j95y3,9979,5
nqq6orgown,6038,1
39bla289bn,6097,1
erbq4jrq83,919,1
nyqqbg6wz3,3204,2
ekqprly95e,20316,3
xerq99gx73,16349,4
ngvkwqwlbn,2223,5
37vm678pv3,9914,1
x366266mj3,11785,1
nb4r662kxe,9015,2
3xa9kbkwxe,11588,1
3wqx8a4pb3,6495,1
3ozbp9rxzn,12809,1
erqowqqp73,5242,5
34xd2j8b4n,1127,6
e5mowozro3,1848,3
e227alvbae,24059,1
3l26xjdb7n,12545,1
63x85l65xn,2758,2
ekqmr6ov4e,1088,2
erbjvl5m83,17731,1
38m6v8yzdn,13835,2
nqq7ykrmmn,15951,2
wnmkd65mj3,8883,4
3ww9xl6zq3,3408,2
nmo5mljpde,26036,1
nmq88qqxd3,1750,3
37moymk4w3,6322,2
nboql96px3,12321,2
3l2mlplpbn,15527,1
ekbq265q4e,886,4
nyygqo86ln,5287,1
9ekv6pp6r3,658,7
nyxpkm4kze,10895,1
366p27lpj3,6166,1
ekyqyprdg3,3310,5
3z77kpoa4n,7901,3
3wla2k4zxe,19112,6
36yazgzj9e,34416,2
3jrp5v2kxn,29916,1
83wpmdwrqn,70115,2
o3pjm46g83,1524,2
3xa6765v4e,20063,2
nb8xmdy5xn,4922,2
3zxjpq766e,1460,1
er6glwwqje,8145,1
nybo6avj93,5191,4
nyapqgkzyn,20549,1
3o25mzo59n,19942,7
38kjv85go3,9833,2
nqqoob68on,12996,2
nbojkwd923,5935,9
37r6xo6vxn,25436,1
ekoa72z5dn,7902,1
ekzl9pao2e,4343,1
369wbpggo3,1323,1
e2mod9gpj3,536,1
374wyvx5v3,11758,1
nyboqv8ld3,3724,42
nyxgzmb29e,1594,2
edxp4bm423,12841,1
er6voolp5e,2043,4
3zgkpyw5jn,5371,20
nydjbarxyn,8954,2
34bo4m9wke,2673,3
3a5zpb8a8e,1882,1
3a5aply5me,4250,3
e5vo7z5kg3,14458,8
z37vpyzm93,3251,2
ekz282y4de,7591,2
ekggyawl53,4341,3
3zz9ajpj73,1676,2
3j77dzmyx3,16602,1
366pvl8q83,2377,4
nyrmpz7qye,10426,4
3payl42y83,18667,3
345doxjrje,3039,3
364blg29oe,17932,6
3wokr2mwqe,6073,47
3xyxovo9xe,5948,1
3xqop6qadn,3849,25
z375akv7pe,43925,1
372964x49e,4064,1
nbmaq9wq2e,2070,4
nvqpg6myq3,9629,8
3pmy8pjdg3,10655,1
3wq6wgy6b3,8114,5
e2aaz5l963,4221,1
l347wgjom3,4143,2
39jmlqpzpe,12483,1
e5gkq4lrb3,13824,3
nb4py7qj9e,16246,5
nq2dzzkmwn,5210,3
3p77mz9db3,12429,8
3oz9p5wbyn,3884,1
eddkqqjmge,2003,2
39zp66dodn,8235,1
3o8wppz9zn,7484,5
374677qlj3,1951,5
e525vdmwbe,5184,1
34bv75ryme,13994,3
nbkwbq6kmn,1146,5
3lbv4xqrbn,32248,2
x3a6xybgdn,14550,1
3j6jg4pwwn,13519,1
3arx4pzp7n,2253,3
369b89b8j3,5634,2
nmk42ob7d3,5400,3
3alxdgb6vn,16541,1
e5lqqok8gn,4254,3
nvvo5q7q2n,7329,1
3ozalb889n,7112,26
37my6amap3,7133,9
3p2lobdmge,1241,5
nvpwamv7bn,619,16
wnmgvvdljn,1242,1
3z7qdgyzjn,10884,14
e2o5z2w56n,5372,1
3pga7ydrk3,17994,2
3loqy2pwy3,12086,1
3oz28ylyzn,11120,6
3zkxavgm63,9024,1
3jrb5bom9n,6806,3
3a558dqo7e,5424,6
3xop4yjv43,17933,2
3wqyy242y3,14747,11
edyporxj4e,8250,1
3a7gja9vv3,16707,1
3xvv57v54e,13713,2
34k6r5vyje,8114,24
3682ggogjn,13022,1
e52wrg44be,6814,2
3w4wvodpqn,5151,1
pedx62maz3,6716,4
ny4pr5x6ln,8325,3
379zpzwrjn,8048,2
3pkp949dge,14865,1
3j8lyqy5oe,7858,1
3pkxw42dze,9273,2
3j278bvaoe,3781,1
3zzmxrkd43,3872,2
83z54rkm43,746,20
nmrvvm4lke,29010,2
3jqqj788xe,17735,2
73ooa5kvz3,6895,3
er6myx69le,1061,7
3albrxoa7n,3021,8
nm4jzwv69n,13963,2
ng8dkwrzr3,48460,2
3wx2q4p2ze,31348,1
nm2zlok9x3,834,10
3zxwbm544e,30197,4
3zg79r8j8n,5707,1
3xzdqy94pn,12925,3
3lxlp5w473,11508,5
3724gvd99e,2242,1
nqzzv7oqwn,7411,1
erqj5b4j93,7840,2
ngbw2vwxp3,14560,4
erb8jm8dl3,7720,1
3al7b9pddn,1488,3
nmodwkb5ke,45283,1
ngqgl2rxr3,7591,2
3pmgvo2lb3,16072,1
erqd5gj453,19889,4
3jv22dvy63,451,1
39gpd7j6pe,5357,8
83wl979vze,11191,2
ekblxrpw4e,33432,1
3l24wgp6zn,7222,8
er5dw9va83,14681,2
346yzr6wpn,14028,3
3orkyky8z3,10117,1
3xyj2pldde,21056,1
nmqzb2ork3,112193,1
3zdyzwvg8n,30910,1
nyagkrd5zn,33796,1
3wkllp65b3,3072,3
nvvyrvlabn,5986,1
3ayvpg44m3,16253,3
3p2pxpz98e,3670,1
ngb7vg5oa3,1520,3
nyk46k52d3,1303,1
eko8yov5rn,5593,1
3wxw7qrzbe,4628,10
x3a868w7me,10506,1
3p2l8bykze,8018,3
ek7x88jm53,12334,1
e2vdgvro73,15697,1
er7ajr588n,18135,2
39zparapyn,4513,1
e55vb494be,15696,1
3wyg4bjrzn,2120,5
3a59g2pm8e,9873,3
372kjlapwe,939,1
l34qjkgw4e,13030,2
39lqpr9jb3,4594,3
nqaxlk5gke,8206,1
nvrl7dpy2e,10576,1
3loa2b9db3,18680,4
rnq7ddxyoe,2879,5
3pldak6xzn,3233,3
nqpodp9o6e,9663,4
3p22mwrb8e,4403,1
34k25g4vye,1166,4
nyqm2yy4d3,11374,2
ekb6rj6j2e,5272,3
3zk66p7rw3,22243,3
3jv7om7xx3,8915,2
4e5rx44kbn,15330,9
nyydqdvvln,15958,6
ped9kxzm43,34937,4
nmmrgyxkvn,1116,1
e5p86oy543,4579,8
3oovjdrj93,4275,6
365zj72vkn,5804,6
3orym8xx63,3029,9
3aqmmxa68e,6416,4
3jzkzomdxe,10745,1
3694zqbrk3,17829,3
ergrzv9x7n,9518,2
nygx9o5wgn,2035,8
edkm4gzown,20082,1
e2gmda7zk3,3713,1
ek2rlvkmge,6736,5
er7lp8o57n,4574,8
36vrqz7yje,15759,1
ek998pxl2n,8926,14
3xx58k8ql3,7955,17
396vgkobd3,4908,1
nyb9od68z3,13901,1
edz6z8dlzn,13065,3
38v78q6rjn,1634,1
37mplqzmw3,3700,2
3jvorl6963,1719,2
e2glyg98d3,16485,1
e2489lyr63,38412,1
375rwg27je,15090,2
3lx6zlgoy3,16741,2
nq88y46a6n,8481,1
3zdo67874n,8055,2
364abwqzxe,14152,2
ek7bvwzv43,516,7
nm4r2q9xvn,916,1
nykvjgwwg3,6829,1
3okpjokpyn,3777,1
3jvj9boy63,7666,1
375g68l4xe,5176,1
3zwwarzv83,3229,1
e2274qxmae,6708,3
wnmgwjga9n,20895,2
e2dpxy5gj3,9722,2
38mmjbqkjn,1545,1
362zxg9vjn,13175,7
nykwlgqgd3,22654,2
ek7a8mb7g3,8358,3
ek7gdmxw53,5226,3
37xrj8vqxn,5333,1
3lovxv4yo3,5517,1
3wlbddxxqe,2160,7
3j8w6kglpe,934,1
erdxoojkln,13040,1
e5pg5wlvg3,10806,13
3xqrwd274n,2446,2
3ob5omqvkn,8076,1
3ob9bxkd6n,1092,10
3lo6a86ly3,22989,2
3plyl4gwzn,18506,1
36v2l9929e,18024,4
ekzr9ggkge,6815,2
e2bz4lra7e,26664,2
38kjgvbvo3,4678,1
nvpzdz6gpn,11690,3
3jvvx5xdx3,15083,3
3lmql9r8be,1236,5
34qdx8vyke,10713,1
nm9orp68xe,6870,7
3lpj5mxqde,15221,1
nggrrgmbzn,304,2
erbb8zyb73,923,1
34xz9yag4n,32248,3
e52wx9xybe,10940,1
3w7bq2ydxn,2907,6
ekq2z8wpde,1832,3
3l2wyjgzon,14191,3
e25lg59l7e,5281,1
3aq25zqmde,21959,1
l347gpql43,11372,2
36vl2dgyxe,8979,1
3wlabjbgbe,378,2
3lmzaol7ye,3099,1
e5gwarzxr3,996,2
4e52v4wpge,11255,9
ekbz95wz4e,6490,1
e2grw95m73,6967,2
ekz4dlgore,866,7
ekbo8xq5de,2297,1
3zkjo2wg63,8048,2
3646v8ylke,8152,1
38dovzdopn,3092,2
nb6oz58wa3,9133,3
38mbaxbwjn,5503,7
nmkpymv6d3,7789,1
3o8pkp556n,3458,5
366qop7wo3,15825,1
e5zvl5bpoe,387,9
nm97j6v6xe,3343,2
365l94b8on,2007,1
nv4jajv7qn,9752,10
366qv5oj93,10008,8
g38waqgod3,21017,1
nmml8m9xdn,7155,1
3pqzwy9d8e,6294,4
eryazkkkln,25012,10
3pa9xmjq93,1289,5
3jmmmbr6p3,1818,5
2nyprzwgdn,8720,1
3zprm8dl7n,9795,6
erd9jv6m5n,556,10
nmkzwaqpd3,2584,3
3ob272pzkn,11890,2
3o257kx66n,28537,2
qnvmxzkjbn,778,7
382oqx22o3,1973,2
83zvx5994n,60183,2
3jro89wzwn,729,5
nq8x8grpmn,14308,1
nqpld57wze,1964,2
34kzjpbkye,6238,4
e24zyqkbk3,13677,1
nmqprqzqk3,2446,2
nmq25bgmj3,4305,2
3p7l9rky83,8045,2
4ng822mya3,4916,2
e25kxpxk7e,3517,3
3j8apm22we,4223,5
e5vypdwpg3,848,1
e5lvjoz4on,9726,1
3jm94vgyw3,17954,2
3jr76rogon,15952,3
73ojb8za9e,14996,1
3ax648vlvn,12752,4
372qpw6xje,3679,1
3jvv825l93,6623,2
3ww78zdox3,1996,8
ekqmkxlj2e,62717,2
ergdjdx98n,11158,2
nyyowb58zn,14928,1
34pg9ro243,11358,3
38j5bwk74n,10303,1
9eklzprp5n,13207,1
3696oy9k83,13263,1
37b9lpkqwe,1689,9
365ka95w8n,2010,4
3aqkkod5ve,5487,9
38m2jld4jn,3384,12
e2dbbwlod3,6645,2
3xvqk7jdde,7565,2
3w4wwlmmzn,7514,3
e2mjg6pbd3,4097,1
edxwbrvzg3,17392,2
nvzl9o7k23,3049,1
e2mvg5ay63,1001,40
37apxkp4x3,3631,1
37rbd942xn,1175,5
nmmyo9w7dn,2609,3
3pqgwa6kbe,12490,2
nqprpwvl6e,30626,1
ngqrg7qaa3,11022,1
ek87mqmvge,21028,1
3lxqvvro73,13963,1
qe25y56l7e,1753,3
3o4dvrlxke,7108,7
3xv45jy6xe,4292,2
nbo9k5pay3,6065,1
3l86yjdazn,8979,1
ngb9m78va3,624,57
nbar2qvz2e,10713,12
nm9xgmloke,7411,1
3826aqx743,13857,2
3xxop4apl3,21274,3
3jqv5mdqwe,17077,1
3wllog9zye,20022,3
e52gkorpoe,10345,1
3l6pgw24z3,6102,1
3w4952pzxn,28650,3
e5mbv626g3,13147,1
39ljjj7973,3204,2
3zar9q2l7n,4154,1
nbkjz4w2yn,3451,1
e59xzaybgn,12576,1
ekb2rv55ge,14497,1
39w64dggdn,17061,2
edg6wxxj2e,9810,4
ery5g9lrln,22077,3
3a7oygvz73,5069,1
edojgvjrd3,15483,1
3zk4xmxj43,778,3
3zw8x27aw3,3014,5
nybk9dlvz3,4367,2
ng6okka4ve,27416,1
e5lkwxvd4n,6383,4
3zlgya2x7e,11205,4
er2wgy5983,1413,1
ek8aymr7re,9615,2
e57xv8xvo3,1928,2
3jvbkvxgp3,0,3
3jrd25ybxn,10690,2
eram5a8o5n,407,10
nggbxkppbn,16487,1
375xplzwwe,4056,1
e592opdwgn,4908,1
3wkz9rr2z3,4729,2
nyx8lov4ye,1964,3
eddp6jgg2e,7864,3
3jqd76xgwe,6445,3
ng87j9v8a3,8777,11
3wxqrjddye,3683,2
3wv2vwrybn,23436,1
edddy2kz4e,15458,1
nqz4qdg56n,10230,4
345bgm54me,9656,1
3pxpvjlakn,9887,4
l34apkq6k3,25177,2
erb9kb9g53,9087,1
384k9vzdon,4589,2
9ekqq58bge,5105,2
ngob5zl6pe,3372,2
3xlb2m89d3,3728,1
36vq5p9p9e,46580,1
3lxrkzrpz3,10295,5
ngawkqxgan,2776,5
edxvmmbl43,4330,10
nmkp89zzk3,2095,2
e2ayl9qqa3,4547,1
nmo8yzrxje,5631,4
ergq5pwgln,4072,3
nvkkpr5qb3,1634,2
ngbr8d5mb3,8159,1
nv9j97j22e,3926,4
3aqvxy8z8e,4610,1
er5barral3,3128,6
3ork47zy93,19658,1
nvblqdjmq3,959,10
ny4dgkkbgn,1575,7
e5bq4rolbe,23030,1
ekz748dx2e,574,8
38vrdo6pdn,3536,1
38jw57gw4n,7727,2
3xzmq986pn,68109,1
3jzvpjrmwe,1047,1
37ba6rogje,9347,1
345wa87w4e,5915,15
3xo46r7wl3,2898,10
nvpkyzr6xn,3363,3
39wvgj6opn,2311,7
3zxgjydj6e,27366,4
34qwwxpape,3601,2
e2dwrqrpd3,4535,1
367zww9ooe,6604,1
395w2yvz7n,641,1
nm84xbmm93,3704,1
3965k44lb3,15444,1
era2p6jdln,5409,8
nb76wm77me,1455,4
3zr6r4xv8e,10006,9
edpqvx2g2e,8088,5
e2mqj9zmd3,3919,3
e2gl696573,5389,1
ngqd27ygr3,5043,3
3zpg72jljn,4371,2
e5podxx993,34112,1
nq6gzm6yk3,4721,2
3zd8yolj6n,18627,2
345xdp9dje,15213,6
edkk7wp6gn,84030,2
368pa8788n,14068,1
2nybobxmz3,24982,1
3755oqxjpe,7779,3
nqdojq2oze,18107,1
3jqgv8ywoe,6856,3
3jlrq9g26n,22418,2
ny7wa6z9ln,4573,8
eryrwovo5n,25278,1
3zz24ddv83,5585,17
38kj6gzb43,5810,4
nvr9okorje,7008,10
39gkpdymge,20101,4
erdbpl527n,17655,1
nqplzgl5ke,866,6
nga62wjazn,1594,2
er7r5yxo5n,28794,1
3jrxqmzbxn,8031,1
ngvoazoxan,4990,10
qe2d9o8xk3,20632,1
nb6xq6jxm3,9620,20
3l72vzw2ye,8898,15
3wl5jaakme,13547,1
ek9r2agqdn,5490,1
9ek9x76lrn,2400,1
3xzmd9874n,4768,7
3zzrdmll83,215,5
374rpww7j3,16280,3
erbyagrxl3,23923,4
ekz4zkxzge,1744,1
wnb4dy7kxe,2341,2
e55x2y9r4e,20452,1
3pybzbgbb3,6038,9
er2zy98853,969,2
3zk8xa9j83,6169,4
e52dx5wzoe,7144,1
4e59a4ax9n,12280,3
34jd59dw43,8169,4
e2vkyox4a3,467,12
3a9j7wrgdn,10551,2
edzmq866zn,1151,8
rnqlr8vbk3,3394,1
ergqjyo4ln,1541,1
qnv4wg9wpn,9528,7
39zljzrqdn,5531,1
nqaqvv5bke,7453,9
3j2ydbvy9e,17374,1
3azrgkgjbe,5068,7
37awb6mq93,1957,2
3lmgwz5poe,6415,1
3jmvxwqzw3,7820,1
39zwxjyybn,9662,1
e5vwjax843,10844,1
e2a78mjv73,5437,1
3j8dyvygxe,1293,4
ng8o7wyqa3,18078,4
3zrjmdbm8e,26788,4
ekopbgl85n,20158,1
3lrb6gbod3,7828,5
nvb7kp95x3,2812,4
38dzlazbpn,11076,3
3z764oq78n,7133,1
23lyrarz7e,27510,2
3622rrom9n,25339,1
364m986kke,10364,1
e2v758aad3,1709,3
382wd4po53,1664,2
ekb5685gre,9658,6
38zooy56d3,13612,2
erbd8p2a93,6203,22
nqqqjz8zkn,13622,2
e5lrzxdqon,8867,17
ekqpvpv2re,1885,6
nqdby75jze,4096,23
nqlkblxbm3,12803,2
nvrakw4wqe,865,5
3okyamop6n,14110,1
nb4266vqye,4603,4
edoop5bpw3,8667,2
3xl96j2943,13612,1
ek9wwpvw5n,1375,2
3z7rg5jqjn,3386,1
3l8wqgpqbn,3458,1
nmro42vqke,8222,2
nyrjql4wze,1904,4
3jx9zppvon,8970,1
er5zx74g53,1985,5
9ekow2kp4n,7080,8
34pqdw2ap3,24968,1
38wbd64xd3,3084,1
xerj8k5y5n,897,5
e5zr4zxzge,15083,2
3lbdb486on,21799,1
nqaoxkjzwe,6455,3
e5lwxrd54n,4873,3
edzkgldmgn,3282,4
nmrak64q9e,529,6
3pqg4bl5ge,2652,1
nbvvyov2ae,1659,1
ng6mr8wave,973,1
39gboy5gde,24873,1
349odlrzjn,17259,1
nvbbbbdyb3,1982,5
e2g6229wd3,9086,2
ngaymd5avn,17339,1
ekgyg25j53,2844,2
3p9gm7mz9n,2882,3
37by2vjlxe,12010,1
er5xz5lyj3,7681,2
3xxvdjgml3,1764,1
23l2mjk67n,7412,2
3xz67r4vpn,7848,2
e59bg45ron,3447,1
wnmmagv9vn,1163,9
3xxromy8k3,3382,6
3ozmz9o2yn,4908,1
e2dyj99dj3,5151,1
38z67rva43,5575,2
e2vkwxk963,4113,7
e52k68gy9e,11904,3
38zb25wrp3,9750,2
ekzzod4rge,14836,1
3jzavqmr6e,5200,2
3zxxlr688e,2289,1
rnqy5bp6ke,11509,1
3zrgj6qaje,1229,1
3pmlpkzg93,31885,3
3wlb9k22ze,4309,2
384w8j4m5n,3131,4
ekb7485y5e,2129,2
e25649xj6e,34401,1
39lg4xx5b3,23867,1
3a9mbjr4mn,8269,7
3j7pdlaa93,7479,9
rnqyr4v7ke,760,3
3l289o2vdn,6742,5
ngv2pgmrbn,10057,6
3xoggaa8x3,9782,1
nyaropb6dn,11482,2
nqz9qvg4zn,8314,2
e5l2o7m7bn,1155,1
3l8rrp86zn,7315,3
37m6q8zdv3,6217,1
ngar5rg9rn,1134,3
3z7ljalg7n,6081,2
nm89476ax3,1696,3
nbv4xzb92e,13154,2
3oov642ay3,32073,1
z377j42wj3,23373,9
ed7l9x9gge,4364,4
nqpwjg9j6e,23202,5
23lx578lb3,24178,1
3p2bkkzw8e,39594,1
3plzlb4akn,12132,4
379l67qo9n,15601,2
nvbyz96dx3,5021,1
83z2kj5k83,3250,4
3a9jxlxxdn,9352,1
ekq42kjq4e,5761,2
nvqvgb64j3,3264,4
nbkpjrbqmn,0,4
e2jwjw2ok3,2240,2
3zaxb4lkjn,13575,2
39bmgzm2dn,3257,1
3lrzgqlry3,11589,1
nqdgo2lboe,19668,1
nm82wv4jk3,3724,47
ekbpodwy2e,1394,7
er5jj9kg93,18375,1
3829x2ldp3,3713,1
38zpkmk7j3,4105,2
ng9o8xqqpe,20716,1
3olk6kad63,8508,4
3946q4ylge,0,3
3jxayzqr6n,866,1
379vx8mjpn,513,4
3oorzrg763,21719,3
nyrzr9lyye,18717,5
3lrxzy8pd3,13280,16
3lbl749wdn,15263,3
xerd86l47n,4137,3
3jz9lxrq6e,250,3
nb4wlddlye,14147,1
nbybqdmlae,10150,3
nyygg6ky9n,9553,1
nyymqw96dn,5743,1
83zowpvy8e,8339,6
3wlwzlpkze,5112,1
ng6qdo8rve,14885,4
nga88v66vn,7934,2
38v4agq4pn,14213,1
34x7bwrgyn,5103,5
nm9gzz54ve,29161,1
38dbazgypn,2057,10
nq2kjq67kn,1234,8
3l856xbdon,1331,9
nvzp4572x3,17212,4
3wqgoyjwx3,40230,1
ny7zb9rw9n,6086,1
nqp26p7zze,11871,2
ng6dvgmqre,60860,2
e2aj827jd3,3252,7
38wz8k5xo3,11034,2
3oz96a6dkn,4229,1
3l8772pqzn,16660,1
ek8amo9j2e,5166,3
nmm972gxkn,11801,1
ekgbd6l4g3,1887,1
3o4p726xge,3450,1
3x6k49v7x3,2717,7
j3jyk6qjw3,0,4
3pxoo6zm8n,9667,1
3o2aaxlwzn,8092,2
e2dj8wxdd3,29030,3
nv4647vopn,484,1
nqad2w8l6e,4387,2
4e5x4k5gnr,4628,1
ng92vr94ae,3363,5
rnqk2agmzn,2050,3
nq6qr72jw3,2966,14
ng497xqkzn,6021,2
3lmq4yw7be,11291,5
l34z7522ye,23558,3
3zama46xjn,12840,1
nyrbmbxxye,7317,1
36pvzxmwxe,1146,4
nvzy6xpbx3,15593,2
er78ykdm7n,4502,1
nvkqqgrvp3,1047,7
3ax9rvv5dn,2212,2
nvzmd8dkj3,6073,2
wnmrl2xje4,5651,1
3wqy78x6z3,16279,1
edkz29yo2n,20283,3
38jd9qb9pn,1156,10
3zr68jjmje,9297,2
3lr9p7v773,2132,14
3zralmd4je,4428,3
38mxyazgpn,5106,2
nyb7lgv9l3,23082,8
nqapwqp7ze,1757,4
nbyblykrye,1003,1
nyxo68xrle,1085,1
384vlx684n,18782,3
nvqd277zb3,873,5
e57wqjvo43,6301,2
nmq2rz55v3,3409,1
3lmzq764ze,8811,2
3lord9rod3,4200,10
3okbx7mg6n,6109,6
ng8kzar6r3,3408,6
2ny5r74y93,1363,2
nvb8plj6j3,6945,2
qnvoqx88xe,4583,5
3okw76gpgn,2189,4
37m84vx7p3,13657,1
3l7byjvyye,10636,1
nykp74o2g3,10049,2
nq89v4l46n,3811,2
edqmvqd5gn,27894,2
nb4l9o9l9e,12631,3
e2ajw5kr63,8745,3
nmqqv827j3,5687,1
nbol8olzy3,18412,2
3arbm4dy7n,12398,1
nvzza867p3,8887,2
3jrv8g496n,10102,1
3964rkxqb3,7039,4
era26dl57n,20002,3
e5m6kvkrb3,660,3
3o2kqq8yzn,3360,6
nm2a7rvb93,3222,14
ngo992pobe,2763,1
3zg27g5m8n,17490,7
3lx5d7j6b3,12525,2
39low27kg3,3301,1
3lbqd8akbn,8495,2
er6wlykk7e,46457,1
3zajkyyv4n,501,1
36p4agpxke,9105,1
37a6z7x9j3,20850,3
e527kokj4e,123859,2
ngawr7rpvn,5155,17
36pm49qr9e,1764,2
37mjloj2p3,1109,1
39lvaxlgg3,7105,1
edkap49jdn,6296,23
3l8mqyx97n,1549,1
3zk2gvb9w3,38140,3
39jgol2rde,9235,27
m394a8rgpe,9795,1
e5mook7jo3,11952,1
34kpxmd5me,10241,1
ny7bvvz29n,10382,1
3a59wx44me,14882,4
nyqlap6xd3,19284,3
ergbpjzk8n,13590,2
394ayw4mde,2466,6
3py79vzzz3,20554,2
3xx6zlkkk3,2990,1
3p9yld5v8n,17749,4
erdkjz8g7n,2964,1
ngoaym4abe,8867,1
nyrlwbvwle,882,4
ekzaj98xde,4223,1
nbmddkgr9e,16635,5
342pqx66ke,5080,5
j3jmvx6j93,14880,1
x364w4aroe,3518,1
36yp6578oe,5089,2
3a7vda48v3,1256,1
e2467dgy63,3182,1
qnvr9vbwje,5200,4
3o2kmrwvzn,15124,1
38z4lk8443,6319,4
39xwmoaxd3,2879,7
m39xx5zzp3,699,5
z377gj8x3l,1413,10
ed7a9b574e,5829,1
3jz5jj68pe,8341,2
nm8q89wwk3,20657,9
73oyz67jye,23587,1
2nyy2j8ozn,2924,5
xerbjq2o83,5763,5
qe2wm5xj7e,19587,2
34jvdrddy3,12800,2
qnvovqo2je,10561,1
nyqzl8zmg3,802,6
edqkdx2y2n,22774,3
37m25654x3,9212,1
ngv56x8pbn,11170,1
3zwla92l43,4131,2
nglz5m9ype,19500,1
nq6px9xzo3,6814,1
nbykp6a7ae,22967,1
e2dpdqkaa3,1744,3
3696mydxk3,8472,11
3wkp2669z3,1506,5
nbm6pga6ye,15994,9
3oyy4746ke,1181,34
3wxa25m2ye,4036,4
34jd9r2qp3,4277,1
j3ja7j8ox3,3959,2
38z7kxxb53,15652,6
rnqzvka76n,3442,1
3zgowrr76n,10022,9
erbo8z7k73,5944,1
nyr27qpale,20516,1
ng6l9o74re,278,4
er5lwp4853,9187,1
3xlzgz5vl3,4847,4
34gxpb9vk3,1896,5
nb78aralae,4589,10
3ozgwax9yn,9952,3
nglkljvvae,11028,1
nqd4k9g5me,1328,2
e2b49z5mke,6132,1
3ob55yvpyn,44075,1
qe22572xje,2507,1
3j2xj2r6xe,6583,3
349kxla9jn,10776,2
nm96ladkde,13722,2
3opd7b8q6e,25599,16
3xokbgawd3,2087,2
3pl9vrz4kn,5772,1
nqq9j5qxkn,8961,2
nb8ol2o89n,3656,6
nbaxwqlyxe,18126,6
9ekg7yk253,20441,1
ek9zpoo9gn,20338,1
3wv265zmxn,12350,1
nbmk4aog9e,821,3
34pzo668p3,6025,16
z37gzkwyj3,7413,6
3ozkjg9kyn,34848,2
ek2v5byv4e,893,2
384g4jkqdn,1622,6
nvv59aqg2n,1482,4
396bgl4zy3,40023,4
3pq58wvpbe,8378,5
ek4vlgqgg3,8297,1
xerrv8do5e,4611,4
ekz7pv4y2e,866,9
nydvprby9n,11106,1
3z7gd85z7n,24948,1
3a9kqaxvdn,25212,4
3ordm8lz63,9149,1
3l66mkqgy3,22161,1
nm94l5gdxe,13231,1
edqv69rjdn,22680,1
38kjjx57p3,1579,3
3jxvdw789n,35783,1
3alm97p2dn,7905,4
ek47ov4743,20702,2
3al85r9rmn,2947,1
ek49z9v4r3,12474,1
l34k96gzke,3246,2
e5ggzpao43,449,11
nmrx99bzje,6608,1
3azy46g6me,16500,3
3wkzmob9b3,1175,5
e2gk48gg73,6647,2
3zay7ayk8n,10139,4
nq2zyyvawn,12347,3
3olva42g93,4428,1
e2mmbx98d3,29358,1
3x6vgpqo43,12919,1
